id,name,address,city,category,tags
2df9cb4d-3931-42d6-b71e-03529a9850cb,Cash Sales,", Lahore",Lahore,[],[]
f8f33b1f-87de-473a-b1b4-85908a4b3fbb,Ali Jamil (Manga),"Manga, Lahore",Lahore,[],[]
26140a18-49d5-4266-9f8c-8f7e25c7f70b,Ahmad Traders (Macleod Gang),"Macleod Ganj, Bahawalnagar",Bahawalnagar,[],[]
c62ed87b-e442-4815-a36e-6b634e3628f1,Bismillah Store (Manga Pind),"Manga Pind, Lahore",Lahore,[],[]
99654bf2-99d2-4963-a48f-35d1eacc4352,Imran Brothers Commission Shop,"6 KM   Manga-Raiwind Road Al-Khair Flour Mills, Lahore",Lahore,[],[]
8a726be1-957b-4134-a293-2268e49a7d1a,Aslam Umar Deen & Sons,"MacLeod Gunj, Bahawalnagar",Bahawalnagar,[],[]
15f40fee-6b04-4426-804b-1f6054b71136,Hafiz Abdul Rahman (Madreesa),"Talab Srai, Lahore",Lahore,[],[]
133c5657-77ef-4446-bdcb-1479c33c2a58,Sales Accural,,,,
f75784ca-4073-4a63-b63c-efbf1df39db4,Al-Makka Trader (Kareem Park),"Warburton, Nankana Sahib, Nankana Sahib",Nankana Sahib,[],[]
7b237e41-2adb-467e-99f1-32f71332e3e7,Joia Commision Shop,,Nankana Sahib,[],[]
53c5d520-017f-4de2-9f60-f608b74bc9e5,Altaf (Shahkot),"Shahkot, Nankana",Nankana,[],[]
3e712b36-d74e-4eeb-9dc1-d51ddf89de8f,Cash Purchase (Wheat),,Lahore,[],[]
ccb49d47-ef18-415e-84ff-5119d836592b,Haji Zafar Iqbal,"Mohlanwal Multan Road, Lahore",Lahore,[],[]
163c153e-cdee-4abb-93b9-c64090b57bd8,Bilal Traders (Manga Mandi),"Manga Mandi, Lahore",Lahore,[],[]
f44a0530-a9a7-44dc-a935-1788e1ed642f,"Hi Tech Pvt, Ltd",,Lahore,[],[]
94ed13a8-1a93-4101-8a11-c34f663c5845,Al-Taiba Trading Company (Faqeer Wali),"Ghala Mandi Faqeer Wali, Bahawalnagar",Bahawalnagar,[],[]
0d640fb5-a295-4748-abec-05c07c167fc3,LDC (GOVT),"Office # 24, 1st Floor, Gull plaza, Barkat Market Commercial Area Garden Town, Lahore",Lahore,[],[]
549e240d-ab7f-4b19-8790-ad3d22305f4d,Mehmood Ul Hassan,"MacLeod Gunj, Bahawalnagar",Bahawalnagar,[],[]
e2bb9749-0ff0-42cb-82a6-5010fa7b6d5e,Muhammad Mohsan (Mcleod Ganj),"Bahawalnagar, Mcleod Ganj, Bahawalnagar",Bahawalnagar,[],[]
47383bf1-5796-4504-8372-bfb69d388c1d,Muhammad Nasir & Muhammad Nisar Brookers,"Ghalla Mandi Chowk Azam, Layyah",Layyah,[],[]
1b6208e2-3404-4731-877d-3e2d93821bb0,Mian Store (Walton),"Manga, Lahore",Lahore,[],[]
be6aebf8-8a0f-4527-a9d4-d94f09f3c93a,Mian Saeed Sb (Manga),"Manga, Lahore",Lahore,[],[]
da25785f-148d-4a33-af27-569a7b317c0c,Madina Naan Shop (Canal View),"Lahore, Lahore",Lahore,[],[]
1297bda5-9c64-4336-85ee-1a0d5622a8b5,Malik Shabeer,,Gujranwala,[],[]
a94cb79c-06ac-4336-8736-ea02f8f1b23b,Moona General Store,"Canal View Market, Lahore",Lahore,[],[]
560f9f43-acf1-4ace-98cb-5d97a1ab863d,Muhammad Arshad Commission Shop,"MacLeod Gun, Bahawalnagar",Bahawalnagar,[],[]
8ac81b6c-e956-4800-96b8-b4a0b2f7c712,Muneer Traders (Chung),"Safdar Abad, Sheikhupura",Sheikhupura,[],[]
47add3de-de07-4632-97da-dd9f7292451c,Rana Brothers Commission Agent (Vehari),"Vehari, Vehari",Vehari,[],[]
acc76122-192c-47ad-adaa-9c9babc33160,Rana Nadeem Store (Margraz Colony),"Ada Talab Sray, Lahore",Lahore,[],[]
160b1813-a566-4d5b-bb60-e9a30e1372fb,Sohail Klya Trader,"McLeodganj, Bahawalnagar",Bahawalnagar,[],[]
4d10eaca-bd8d-4528-9267-3ef9f1da5e37,Rana Munawar (Talab Sray),"Walton, Lahore",Lahore,[],[]
edec10be-a0bc-4240-a6de-ed91dc2b3a10,Randhawa Commission Shop,,Phool Nagar,[],[]
48ce9043-3eb8-4cbf-bd03-c7f9f09eaf16,Safdar Commission Shop,,Sheikhupura,[],[]
63cee780-c0c6-47a3-bd19-c97ddf586da3,Salman Commission Shop,"Minchinabad, Bahawalnagar",Bahawalnagar,[],[]
dc96db54-a1c0-4be1-81f5-c22f9594bf7d,Al-Fajar Poly Pack (Pvt) Ltd,"Talab Sarai, Lahore",Lahore,[],[]
3be7bcdc-2ff7-4533-b077-6de4c0847386,Investor,,,,
7ca318cf-c4d4-4454-a6dc-07b849b35fd5,Investor,,,,
40f85701-0113-4092-bf94-71fce4830301,Aroma Grill Restaurant (Paragon City),"Talab Sarai, Lahore",Lahore,[],[]
891a6418-3167-4904-acd3-770c1b6b9861,Sardar Muhammad Azam (Bahawalnagar),"MacLeod Gunj, Bahawalnagar",Bahawalnagar,[],[]
50461b33-9f9a-4228-b886-97556d5c9e27,Tariq Mehmood (Sarai Mughal),"Sarai Mughal, Lahore",Lahore,[],[]
c9237da7-93bb-49cb-a977-56a9e6b917cd,Yousaf & Sons,"Darbar Sheikh Ilam Din, Tehsil Chunia District Kasur, Kasur",Kasur,[],[]
5356dd93-6a82-4d63-a0f7-31ef05ccd7f3,Al-Karim Traders (Bucheki),"Buckeki, Lahore",Lahore,"",""
4717169d-2d17-45e9-a714-3085bef51fea,Investor,,,,
7bf76e04-f508-4c0e-abd5-13e7344d1173,Sales Commission,,,,
e9d24a64-605e-409e-938c-dfbb8680bf9d,Test Vendor Enum,,,,
b21d4cc7-0760-4deb-8ee6-fba3b4884487,Ahsan Zarai Service (Latifa Abad),"Latifa Abad, Bahawalnagar",Bahawalnagar,[],[]
51332947-ad36-4289-b3a3-d4f7943bffb8,Ajmal Sb Safdarabad,"Safdarabad, Lahore",Lahore,[],[]
0cadaeab-aab5-418e-ae3f-0d303a1f2c1b,Al Harmain Flour Mill,"Plot No 196, Sundar Industrial Estate, Lahore",Lahore,[],[]
00ee8ba3-07e7-4438-8bc1-8247b6a45f99,Ali Fiaz (Pattoki),"Pattoki, Kasur",Kasur,[],[]
b22c68cf-1d75-457c-96cb-dcb32da7712e,Allah Bakhash Sb (Latifa Abad),"Latif Abad, Bahawalnagar",Bahawalnagar,[],[]
79ddfb51-827b-48c5-b370-cd83a58b38ce,Allah Ditta (Okara),"Adda Chuchak, Okara",Okara,[],[]
3a41f74e-14a3-41fc-905d-3ddf1f5905d4,Allah Ditta (Warburton),"Head Office: 289 Abpara Society. Canal Road Near DHA EME, Lahore",Lahore,[],[]
40898e29-8b25-4043-8a89-cee44245437e,Haji Faiz Ahmed,"MacLeod Gunj, Bahawalnagar",Bahawalnagar,[],[]
80dd1cba-db4a-4856-92ac-722a4b856b9f,Khalid Store (Walton Road),"Arif Wala, Arifwala",Arifwala,[],[]
974e932f-9d2c-4b39-bc07-7b774b1e9a8d,Lyallpur Poly Industries,"Faisalabad, Faisalabad",Faisalabad,[],[]
3c61dcc1-cbd1-4594-9879-2b7ca831edfa,Al-Noor Commission Shop,"Gala Mandi, Lahore",Lahore,[],[]
408a2e7a-88b1-4c28-87d9-c8d1f79d3522,Anwaray Sidra Naan Shop & Malki Chanay (Manga),"Ghala Mandi Faqeer Wali, Bahawalnagar",Bahawalnagar,[],[]
23754594-2605-4a30-9b16-81e8f9f5158c,Bacha Khan Hotel (Chung),"Manga Mandi, Lahore",Lahore,[],[]
16b88b42-9f90-4117-8ff1-1eaa41757a3f,Bukhari Commission Shop,,Pattoki,[],[]
771fe071-7c7d-4cdc-9195-1f3bb593d2de,Friends Traders,,Lahore,[],[]
a812aae0-4823-4af3-868c-36fe1abf4898,Haji Imtiaz Bodla Commission Shop,"MacLeod Gunj, Bahawalnagar",Bahawalnagar,[],[]
fa2c1a2b-c483-45f3-92c5-0e24f18c9353,Imran Falak (Mcleod Ganj),"Mcleod Ganj, Bahawalnagar",Bahawalnagar,[],[]
cc525d4a-5b10-479b-a0e8-6919759f5472,Jamia Taleem Ul Quran (Talab Sarai),"Talab Sarai, Lahore",Lahore,[],[]
b47542f5-1b54-4bd1-a387-acdd178eea3b,Dr. Arsalan Mankera,,Bhakkar,[],[]
7768c50a-6f9c-418e-a624-a06de251580c,Ellahi Corporation,"Chishtian, Bahawalnagar",Bahawalnagar,[],[]
4a2fd5e6-afab-4172-805b-138784a26981,Ghulam Hussain Naan Shop (Johar Town),"Sunder Estate, Lahore, Lahore",Lahore,[],[]
9b59c432-8c51-4711-add6-e758552bafc3,Haji Shabir & Co,"Galla Mandi MacLeod Gunj, Bahawalnagar",Bahawalnagar,[],[]
24637f48-aff9-4615-8eb2-fa8dddc59fa8,Javaid & Co (Macleod Gunj),"Macleod Gunj, Bahawalnagar",Bahawalnagar,[],[]
694b1c49-614a-495f-928f-2c1ce8e477cb,Lahori Restaurant,,Lahore,[],[]
e71f9baf-f878-4b03-a43a-a737af2adeee,Al-Yaqoob Commission Shop (Sadiq Ganj),"Mandi Sadiq Ganj, Minchinabad",Minchinabad,[],[]
06e4b9f2-514a-4ff3-8020-1af567d2183b,Amanat Ali & Sons Commission Shop,"Ghalla Mandi Khudian Khas, Kasur",Kasur,[],[]
3769e41b-9c60-4886-9461-5e969cfbc8d3,Faisal Jabbar & Co,"MacLeod Gunj, Bahawalnagar",Bahawalnagar,[],[]
00fafcb9-56ec-4475-9dcd-6493f084c8a7,Goss Commission Shop,,Nankana Sahib,[],[]
ee72dd0b-2a9c-4acd-9b20-433e6a327c96,GOVT Wheat (Lahore),"Lahore, Lahore",Lahore,[],[]
2f16462b-aa4d-49ee-a9ec-eab4a0f517ed,Hamza Trader (Chowk Azam),"Chowk Azam, Lahore",Lahore,[],[]
463319c7-73f2-4cab-8cfb-09d5445464cd,HSA (Pvt.) Ltd. (Leather Division),,Lahore,[],[]
9e73bcf7-73f5-4be4-9aae-ddf01a991972,Nasrullah Lalyani Kasur,"Lalyani, Kasur",Kasur,[],[]
8dc8a425-1301-4f6d-8a6c-ccca858606d3,Nisar Commision Shop,"MacLeod Gunj, Bahawalnagar",Bahawalnagar,[],[]
96bdd17d-e2c7-4081-b5f4-cc9826bb78f4,Pakistan Commission Shop,", Bahawalnagar",Bahawalnagar,[],[]
a7c10a2d-24cd-4acc-85bf-9b31bbd3ebb0,Qadria Commission Shop (Manga),"Manga, Lahore",Lahore,[],[]
c669ed01-9c99-4675-af62-676cf54a7861,Qari Ameen Broker (Chowk Azam),"Chowk Azam, Layyah",Layyah,[],[]
42e4e0a2-1032-469e-80f7-dfec5d41b575,Rehmani Commision Shop,"MacLeod Gunj, Bahawalnagar",Bahawalnagar,[],[]
1c424988-7573-4cae-8b54-44176a032681,Sami Ul Haq (Minchinabad),"Minchinabad, Bahawalnagar",Bahawalnagar,[],[]
b2870852-b36e-4a96-8048-b6adeb597deb,Abdullah Commission Shop,"MacLeod Gunj, Bahawalnagar",Bahawalnagar,[],[]
1f873359-c7e2-4729-b269-76d009d26ec6,Adnan Muhmmad (Sundar Industrial Estate),"Sundar Industrial Estate, Lahore",Lahore,[],[]
4b258052-1399-4244-a36b-e087424e0980,Allah Ditta Atta Dealer (Raiwind),"Raiwind, Lahore",Lahore,[],[]
2e69bee6-0a5e-4633-9868-0caa1e2b1626,Anees Khaliq & Co,"Rosa, Lahore",Lahore,[],[]
a84bde39-f20e-4d72-83ff-a7e13653e474,Arif (Talab Sarai),"Hospital Road Manga Mandi, Lahore",Lahore,[],[]
48e6f85d-37e1-4d61-99a9-d46bdae6e031,Babar Jameel (Manga),"5 Girayen Mor, Lahore",Lahore,[],[]
c33af545-a022-4ad0-8185-d5e2727ca60d,Hafiz Bilal & Co (Layyah),"Manga Mandi, Lahore",Lahore,[],[]
26ffd993-bc48-446b-b10d-40138f5d3c60,Itfaq Commission Shop (Arif Wala),"Shamkey Bhatti an, Lahore",Lahore,[],[]
831be7e0-3cb9-492d-9bc6-2df6548e5db2,Ghousia Trader (Pattoki),"Walton, Lahore",Lahore,[],[]
3493427d-c901-4415-b6ee-e7d0316f9480,"CFM,Govt Center","Thokhar Niaz Baig, Lahore",Lahore,[],[]
1a55ee25-bc28-404c-9b3e-744d00cd23d6,Govt Food Department (Lahore),"Johar Town, Lahore",Lahore,[],[]
40b86abb-01a3-47cd-9495-e5292ce988a4,K&NS Food Center (Lahore),"25 F Main Boulevard, Block F Phase 1 Johar Town, Lahore",Lahore,[],[]
41c93e07-6260-435c-b263-8df47880b5b6,Muhammad Irfan (Safdar Abad),"Manga Mandi, Lahore",Lahore,[],[]
8c766b25-11f6-4679-9612-449c89097f9b,Zeeshan Liaqat,"Manga Mandi, Lahore",Lahore,[],[]
fbe81db5-cfc5-4e8c-a51f-4742fbc59426,Aslam Commission Shop (Shanga Manga),"Raiwind, Lahore",Lahore,[],[]
